name,age
Adam,39
Cooper,62
Colorado,58
Abel,56
Keith,20
Gregory,3
Finn,79
Palmer,20
Jerome,73
Ali,8
Mohammad,99
Noah,94
Lucas,35
Stephen,53
Benjamin,2
Brendan,90
Basil,34
Akeem,69
Curran,20
Bernard,56
Zeus,45
Gannon,61
Emmanuel,96
Vance,66
Harlan,99
Dillon,6
Matthew,92
Uriah,43
Clarke,77
Hyatt,13
Abel,64
Brody,52
Derek,31
Charles,50
Cade,60
Declan,30
Todd,63
Victor,27
Samson,76
Allen,73
Giacomo,73
Quamar,38
Jonas,9
Andrew,24
Zephania,1
Oleg,13
Hop,65
Hyatt,51
Kenyon,25
Harrison,50
Harrison,45
Griffith,35
Ulysses,85
Arthur,40
Tad,2
Tanek,83
Dieter,26
Elijah,25
Eaton,100
Moses,73
Hakeem,9
Emmanuel,88
Jerry,11
Kermit,58
Lars,19
Martin,78
Eagan,1
Aquila,41
Fulton,84
Flynn,99
Magee,69
Rogan,37
Todd,31
Tiger,55
Thaddeus,47
Hashim,18
Colorado,59
Forrest,75
Warren,80
Colin,74
Mohammad,26
Axel,100
Buckminster,11
Zachery,15
Lance,62
Blaze,40
Cain,55
Phelan,49
Rogan,36
Edan,18
Ivor,57
Randall,69
Raphael,18
Yasir,65
Thor,59
Silas,47
Cade,99
Keegan,48
Chase,39
Ralph,75
